{
  "n": 86119,
  "total_usdc": 34798651167.637436,
  "p50": 9747.689006,
  "p90": 272665.863071,
  "p99": 6836502.651219907,
  "max": 1531479284.504353,
  "histogram_buckets": {
    "0-100": 5169,
    "100-1k": 13254,
    "1k-10k": 24969,
    "10k-100k": 27061,
    "100k-1M": 12452,
    "1M+": 3214
  }
}