{
  "overall_wallclock_stats": {
    "n": 30,
    "mean": 1.1700966110609348,
    "median": 0.976699500111863,
    "p95": 2.7104758340865374,
    "max": 2.79345287499018,
    "min": 0.008534
  },
  "per_variation_wallclock_stats": {
    "V1_standard_3bid": {
      "n": 5,
      "mean": 2.468307050038129,
      "median": 2.4775450411252677,
      "p95": 2.7104758340865374,
      "max": 2.7104758340865374,
      "min": 2.1967006251215935
    },
    "V2_close_spaced_5bid": {
      "n": 5,
      "mean": 2.1731005751527848,
      "median": 2.1572266248986125,
      "p95": 2.594248707871884,
      "max": 2.594248707871884,
      "min": 1.9345601671375334
    },
    "V3_two_bid_edge": {
      "n": 5,
      "mean": 2.3386629498098044,
      "median": 2.309661875013262,
      "p95": 2.79345287499018,
      "max": 2.79345287499018,
      "min": 1.9870034579653293
    },
    "V4_low_rep_gate": {
      "n": 5,
      "mean": 0.01483413316309452,
      "median": 0.015365083003416657,
      "p95": 0.016018500085920095,
      "max": 0.016018500085920095,
      "min": 0.01330208289436996
    },
    "V5_long_unicode_titles": {
      "n": 5,
      "mean": 0.015394958201795816,
      "median": 0.014675250044092536,
      "p95": 0.018838833086192608,
      "max": 0.018838833086192608,
      "min": 0.013917624950408936
    },
    "V6_rapid_fire": {
      "n": 5,
      "mean": 0.010280000000000001,
      "median": 0.010849,
      "p95": 0.011008,
      "max": 0.011008,
      "min": 0.008534
    }
  },
  "per_phase_first_seen_offset_stats": {
    "event.created": {
      "n": 30,
      "mean": 0.0,
      "median": 0.0,
      "p95": 0.0,
      "max": 0.0,
      "min": 0.0
    },
    "auction.opened": {
      "n": 30,
      "mean": 0.0007068666666666666,
      "median": 0.0005685,
      "p95": 0.001377,
      "max": 0.002898,
      "min": 0.000356
    },
    "bid.submitted": {
      "n": 30,
      "mean": 0.0034489,
      "median": 0.003221,
      "p95": 0.005908,
      "max": 0.008136,
      "min": 0.002062
    },
    "auction.settled": {
      "n": 30,
      "mean": 0.004305333333333333,
      "median": 0.004088,
      "p95": 0.006866,
      "max": 0.00964,
      "min": 0.002689
    },
    "translation.completed": {
      "n": 30,
      "mean": 0.0052796,
      "median": 0.0049195,
      "p95": 0.008655,
      "max": 0.011349,
      "min": 0.003508
    },
    "quality.verdict": {
      "n": 30,
      "mean": 0.007834766666666666,
      "median": 0.006829999999999999,
      "p95": 0.011947,
      "max": 0.01297,
      "min": 0.004562
    },
    "onchain.committed": {
      "n": 30,
      "mean": 0.009405799999999999,
      "median": 0.00827,
      "p95": 0.013481,
      "max": 0.015886,
      "min": 0.006081
    },
    "polymarket.submitted": {
      "n": 30,
      "mean": 0.010777633333333333,
      "median": 0.0094945,
      "p95": 0.014316,
      "max": 0.025562,
      "min": 0.007029
    },
    "builder_fee.accrued": {
      "n": 30,
      "mean": 1.1690733666666666,
      "median": 0.9758490000000001,
      "p95": 2.701555,
      "max": 2.792322,
      "min": 0.008526
    },
    "event.finalized": {
      "n": 30,
      "mean": 1.1690888333333334,
      "median": 0.975865,
      "p95": 2.701576,
      "max": 2.792353,
      "min": 0.008534
    }
  }
}